hote de caisse,G20 Polydis,Notre supermarché G20 recherche pour le mois d'août un hôte ou une hôtesse de caisse. 1 500|00€ /mois. 1 an (Souhaité)....
Préparateur de commandes,Extracadabra,1700 bruts 35h. 4 jours par semaine repos horaires continus du soir. Cuisine classique. Rapidité et rigueur permettront au candidat de progresser dans l...
Serveur polyvalent en restauration H/F,Poke Me,Participer au nettoyage du restaurant afin de respecter les normes d’hygiènes et de sécurité ; Ne perdez pas une. 1 an (Souhaité)....
preparateur de commande,Pc connections,1 500|00€ /mois. 1 an (Requis). 1 an (Souhaité). Ponctuel |sérieux |ordonné|sens des responsabilités....
EMPLOYE COMMERCIAL LIBRE SERVICE CAISSE CREMERIE LS/SURGELES,Monoprix,Vous désirez participer à des projets novateurs| vous disposez d'une première expérience réussie dans la vente ou la manutention et vous avez une bonne maîtrise...
JOB ETE EMPLOYE COMMERCIAL LIBRE SERVICE CAISSE,Monoprix,Vous désirez participer à des projets novateurs| vous disposez d'une première expérience réussie dans la vente ou la manutention et vous avez une bonne maîtrise...
Recherche Etudiant(e) Pour Soutien Scolaire,TeachMe,Pour postuler merci de nous envoyer un mail avec votre NOM| PRÉNOM| NUMÉRO DE TÉLÉPHONE & CV. TEACHME est une agence intérim 2.0. NOS 3 POINTS FORTS:....
Employé(e) Libre Service 10h ou 25h H/F,Hema,Vous mettez en place des animations commerciales (dégustation de produits…). Vous mettez en place le merchandising selon les consignes HEMA....
Hôte(sse) de caisse H/F,Go Sport,Un seul objectif| le vôtre. Quel que soit le sport que nous pratiquons| quel que soit notre niveau| vivons notre sport avec émotion !...
CDD été - Conseiller de vente H/F,Galeries Lafayette - LE BHV MARAIS,Etudiant(e) ou en année de césure| vous recherchez un contrat de renfort sur le mois de Septembre 2019. Votre Rôle....
Employé libre service,Monop',Votre mission consiste à participer à la bonne marche du rayon| sous l’autorité directe de votre responsable| en assurant son approvisionnement en marchandises...
Hôtesses Événementiel H/F - Job étudiant 3 jours / semaine- Ile-de-France,Charlestown,Hôtesses Événementiel H/F - Job étudiant 3 jours / semaine- Ile-de-France. Charlestown vous propose des missions ponctuelles| IL FAUT ÊTRE DISPONIBLE 2 à 3...
JOB ETE - EMPLOYE COMMERCIAL LIBRE SERVICE CAISSE - MEUDON F/H,Monoprix,Vous désirez participer à des projets novateurs| vous disposez d'une première expérience réussie dans la vente ou la manutention et vous avez une bonne maîtrise...
EMPLOYE COMMERCIAL LIBRE SERVICE CAISSE,Monoprix,Vous désirez participer à des projets novateurs| vous disposez d'une première expérience réussie dans la vente ou la manutention et vous avez une bonne maîtrise...
AUXILIAIRE ETE JUILLET 2019 - MONTEREAU (H/F),BRED Banque Populaire,Son cœur de métier est la banque commerciale en France (en Ile-de-France| dans l’Aisne| en Normandie et| dans les départements d’outre-mer| à La Réunion|...
Plongeur,Extracadabra,Cherche plongeur capable d aider chef de cuisine et faire mise en place. Selon experience. Du mardi au samedi coupure....
Job Etudiant : Recruteur de donateurs H/F (possible à temps partiel),CAUSE À EFFET,Accessible aux étudiants. En équipe| vous irez à la rencontre des passants dans la rue avec bonne humeur et conviction| afin de leur proposer de soutenir ...
